model,mae,mad,r2,fit_time_sec,predict_time_sec,n_features,n_train,n_test
ElasticNet,3.4995952166209654,2.8422197745287328,0.9576825930920272,6.661980328004574,0.04444441600207938,9613,320,80
XGBoost,4.0727080774307245,3.629386253356934,0.9444633222548598,82.36080362600478,0.45154058300249744,9613,320,80
RandomForest,4.279315416666676,3.3803166666666726,0.9410333914132216,20.79716755499976,0.07896078399789985,9613,320,80
AltumAge,12.041971051477239,10.038793142396411,0.5481649386786007,0.8124165519984672,0.04788102800375782,9613,320,80
