mae,mad,rmse,r2,correlation,mae_train,r2_train,cv_mae,cv_std,overfitting_ratio,model,fit_time_sec,n_features,n_train,n_test
3.399489942988803,2.7614233186374193,4.3627728156897865,0.9614245437845543,0.9823251202738819,0.009346150991491543,0.9999995348679868,3.3763829325974823,0.42877206522320666,363.7315453263699,Ridge,0.1198200320000069,9611,320,80
3.625450170116699,3.020605747474761,4.7259627058785245,0.9547345904106206,0.9793192199746384,0.4417435756666485,0.9990758876256947,3.5452059538327405,0.454588769800561,8.207137284668878,ElasticNet,7.444430900000015,9611,320,80
3.6545764450636087,2.9465103582838843,4.600337381162126,0.957109091957873,0.9803135875476336,1.694110263390948,0.9814035551096139,3.5771561224708393,0.5877694116664424,2.1572246647916367,BaggingElasticNet,52.606360671999994,9611,320,80
4.1283472609867164,3.5005328428122535,5.206614290331389,0.9450589840171741,0.9731489555329405,0.013615814072357412,0.9999993692588026,4.4046792256962854,0.3578497202842599,303.2023821012667,GradientBoosting,88.07879297,9611,320,80
4.201267942428589,3.0588123321533196,5.605217162878444,0.9363247350913313,0.9694842191786489,0.007576168298721253,0.9999988225811606,4.300289105653762,0.34518028371234,554.5373039215222,XGBoost,72.33190491200003,9611,320,80
4.258640792872304,3.7376983171235434,5.337618882784613,0.9422594393839637,0.9715721380465393,0.11486280164640199,0.9986661085787997,4.275235591064828,0.5488131519582568,37.07589168843596,HistGradientBoosting,13.813078281999992,9611,320,80
5.419863488569303,4.513664265873068,6.663966784542882,0.9099981323546739,0.9704135976856965,2.1641722892657134,0.9747950408497369,5.4678386489098285,0.6023358808929501,2.504358601878328,RandomForest,0.4131296499999735,9611,320,80
13.145718584073,11.074152558714434,16.36236344455432,0.45740230519949043,0.7947769779263767,2.315983872574728,0.9174397882255558,13.09213162810671,1.6647031932247256,5.676083818951048,AltumAge,0.9289197890000196,9611,320,80
