rank,model,fit_time_sec,n_features,n_train,n_test,mae,mad,rmse,r2,correlation,mae_train,r2_train,cv_mae,cv_std,overfitting_ratio
1,ElasticNet,44.16606402397156,5007,320,80,3.595464905535649,2.9576258178611923,4.608912003400863,0.9569490532250888,0.9795617259045338,0.5495546988835378,0.9985662075474749,3.552273314954976,0.7013666186388308,6.542505983189861
2,Lasso,7.822612047195435,5007,320,80,3.7202864651257443,2.5871756929422265,4.877697690365015,0.9517812847829066,0.9767135878567423,0.8931778580901278,0.9962435376494219,3.6017279276839758,0.7551626228756207,4.165224687813904
3,Ridge,0.5233495235443115,5007,320,80,4.284042653253043,3.9732738049921092,5.2192205616083704,0.9447926152111302,0.976321661919797,2.6965538161338936,0.9653621656511473,3.996598140677402,0.8717934022585885,1.5887102373484858
4,XGBoost,16.302673816680908,5007,320,80,4.359765778541565,3.296889495849612,5.60479849366408,0.9363342469003287,0.9712400052707768,1.6169810588359834,0.9783874943223891,,,2.6962380015014094
5,RandomForest,3.4212758541107178,5007,320,80,5.007557513437332,3.8655002531265055,6.268095765882824,0.9203735928075915,0.9732833099963217,2.0479500971321505,0.9756648544667113,5.012152536403859,0.9958907650628859,2.4451560223316338
6,AltumAge,10.191617488861084,5007,320,80,11.430262643114807,9.729920015898397,14.383476446363545,0.5807108664635907,0.837086091062385,2.4880152236048874,0.9393004044401733,11.160728733701191,1.5705970198972676,4.594128900286024
