mae,mad,rmse,r2,correlation,mae_train,r2_train,cv_mae,cv_std,overfitting_ratio,model,fit_time_sec,n_features,n_train,n_test
3.399489942988803,2.7614233186374193,4.3627728156897865,0.9614245437845543,0.9823251202738819,0.009346150991491543,0.9999995348679868,3.3763829325974823,0.42877206522320666,363.7315453263699,Ridge,0.07315366200009521,9611,320,80
3.625450170116699,3.020605747474761,4.7259627058785245,0.9547345904106206,0.9793192199746384,0.4417435756666485,0.9990758876256947,3.5452059538327405,0.454588769800561,8.207137284668878,ElasticNet,7.029010095000103,9611,320,80
3.768801383240921,2.9146304417544293,4.882439556879023,0.9516874873131552,0.9774181559681039,0.7563749370584599,0.9973201600500216,4.006167000124551,0.5721374688414033,4.982715844469648,Lasso,1.6055087390000153,9611,320,80
4.201267942428589,3.0588123321533196,5.605217162878444,0.9363247350913313,0.9694842191786489,0.007576168298721253,0.9999988225811606,4.300289105653762,0.34518028371234,554.5373039215222,XGBoost,78.55282559399984,9611,320,80
5.419863488569301,4.51366426587305,6.663966784542879,0.9099981323546739,0.9704135976856965,2.1641722892657125,0.9747950408497369,5.4678386489098285,0.6023358808929503,2.5043586018783284,RandomForest,0.410395163999965,9611,320,80
11.592406064756272,9.903532094350732,14.768884763490407,0.5579399404021894,0.8291681050538127,2.4304990181328288,0.9358274282241028,11.914570020612079,1.049754802279801,4.769558011861224,AltumAge,2.03326944499986,9611,320,80
