Modèle,n_feat,MAE_mean,MAE_ci95,R2_mean,R2_ci95
2. Residual Learning,500,3.752240467071533,0.633313223138726,0.9106634616851806,0.05672090219267846
3. ElasticNetCV (+ sexe),501,4.010640001296997,0.4974359846050498,0.9013531804084778,0.06278262837448334
1. ElasticNetCV (corr),500,4.01163763999939,0.49805507749167444,0.9019314289093018,0.06161371633890059
4. Sous-modèles âge,500,4.110094017982483,0.6166534627418819,0.8894209071576225,0.06978408052825472
5. ElasticNetCV (RFECV),250,4.312609481811523,0.35114496126236006,0.8848599076271058,0.05125239993591208
